"_idx","_category","category","directory","_filename","filename","_text"
,,"betaflight","en/",,"acromd","アクロモード"
,,"betaflight","en/",,"active","有効"
,,"betaflight","en/",,"agrv","アンチグラビティー"
,,"betaflight","en/",,"agrv0","アンチグラビティー、無効"
,,"betaflight","en/",,"agrv1","アンチグラビティー、有効"
,,"betaflight","en/",,"airmd","エアモード"
,,"betaflight","en/",,"airmd0","エアモード、無効"
,,"betaflight","en/",,"airmd1","エアモード、有効"
,,"betaflight","en/",,"anglmd","アングルモード"
,,"betaflight","en/",,"armed","アーム"
,,"betaflight","en/",,"arming","アーミング"
,,"betaflight","en/",,"bbclr","ブラックボックスログを消去します"
,,"betaflight","en/",,"blbx","ブラックボックス"
,,"betaflight","en/",,"blbx0","ブラックボックス、無効"
,,"betaflight","en/",,"blbx1","ブラックボックス、有効"
"IDX_EQIP.txt","EQUIP","betaflight","en/","brmtrof","brmoff","気圧センサー、オフ"
"IDX_EQIP.txt","EQUIP","betaflight","en/","brmtron","brmon","気圧センサー、オン"
"IDX_EQIP.txt","EQUIP","betaflight","en/","buzz","buzz","ブザー"
"IDX_EQIP.txt","EQUIP","betaflight","en/","buzzoff","buzz0","ブザー、オフ"
"IDX_EQIP.txt","EQUIP","betaflight","en/","buzzon","buzz1","ブザー、オン"
"IDX_EQIP.txt","EQUIP","betaflight","en/","camoff","cam0","カメラ、無効"
"IDX_EQIP.txt","EQUIP","betaflight","en/","camon","cam1","カメラ、有効"
"IDX_EQIP.txt","EQUIP","betaflight","en/","cmpssof","cps0","コンパス、オフ"
"IDX_EQIP.txt","EQUIP","betaflight","en/","cmpsson","cps1","コンパス、オン"
,,"betaflight","en/",,"disrmd","ディスアーム"
,,"betaflight","en/",,"horzmd","ホライゾンモード"
,,"betaflight","en/",,"mtrs0","モーター、ディスアーム"
,,"betaflight","en/",,"mtrs1","モーター、アーム"
,,"betaflight","en/",,"osd","OSD"
,,"betaflight","en/",,"osd0","OSD、無効"
,,"betaflight","en/",,"osd1","OSD、有効"
,,"betaflight","en/",,"prearm","プレアーム"
,,"betaflight","en/",,"rdyarm","アームの準備をします"
,,"betaflight","en/",,"ready","準備完了"
,,"betaflight","en/",,"turtl","タートルモード"
,,"betaflight","en/",,"turtl0","タートルモード、無効"
,,"betaflight","en/",,"turtl1","タートルモード、有効"
,,"betaflight","en/",,"vtxpt","VTXピットモード"
,,"betaflight","en/",,"vtxpt0","VTXピットモード、無効"
,,"betaflight","en/",,"vtxpt1","VTXピットモード、有効"
"IDX_FUN.txt","FUN","fun","en/","adren","adren","アドレナリンどぶどぶ！"
"IDX_FUN.txt","FUN","fun","en/","afu","afu","すべて最悪やっ！"
"IDX_FUN.txt","FUN","fun","en/","again","again","もういっちょやってみてください"
"IDX_FUN.txt","FUN","fun","en/","badalt","badalt","高度、NG"
"IDX_FUN.txt","FUN","fun","en/","badatt","badatt","機体姿勢、NG"
"IDX_FUN.txt","FUN","fun","en/","battchrg","batchr","原因がわからないので充電器を挿してみますか？"
"IDX_FUN.txt","FUN","fun","en/","blowup","blowup","さあ！戯言でも言ってみましょう"
"IDX_FUN.txt","FUN","fun","en/","brkmd","brkmd","ブリックモード、オン"
"IDX_FUN.txt","FUN","fun","en/","brkmdoff","brkoff","ブリックモード、オフ"
"IDX_FUN.txt","FUN","fun","en/","beastact","bstact","ビーストモード、有効"
"IDX_FUN.txt","FUN","fun","en/","beastmd","bstmd","ビーストモード"
"IDX_FUN.txt","FUN","fun","en/","beastoff","bstoff","ビーストモード、オフ"
"IDX_FUN.txt","FUN","fun","en/","beaston","bston","ビーストモード、オン"
"IDX_FUN.txt","FUN","fun","en/","byesiri","bysiri","Siriが利用できません"
"IDX_FUN.txt","FUN","fun","en/","chtmdact","chtact","チートモード、有効"
"IDX_FUN.txt","FUN","fun","en/","chtmdoff","chtoff","チートモード、オフ"
"IDX_FUN.txt","FUN","fun","en/","chtmdon","chton","チートモード、オン"
"IDX_FUN.txt","FUN","fun","en/","colder","colder","冷えています"
"IDX_FUN.txt","FUN","fun","en/","crack","crack","このくそ野郎は、クラックコカインよりもキマってるぜ！"
"IDX_FUN.txt","FUN","fun","en/","crash","crash","今日こそ、墜落しないようにしましょう"
"IDX_FUN.txt","FUN","fun","en/","cutyu","cutyu","もうあなたを見限るつもりです"
"IDX_FUN.txt","FUN","fun","en/","die","die","死ぬわっ、これ"
"IDX_FUN.txt","FUN","fun","en/","dlloyd","dlloyd","ワイは、ダーティー野郎！"
"IDX_FUN.txt","FUN","fun","en/","errtcmd","eratic","不安定な飛行モードです"
"IDX_FUN.txt","FUN","fun","en/","eww","eww","あわわっ、厄介です"
"IDX_FUN.txt","FUN","fun","en/","flkswtch","flksw1","そのスイッチをもう一度、軽く入れるのです！"
"IDX_FUN.txt","FUN","fun","en/","flkswtch2","flksw2","う～ん、もう一度そのスイッチをいれてみましょう"
"IDX_FUN.txt","FUN","fun","en/","flitest","fltest","飛行テスト"
"IDX_FUN.txt","FUN","fun","en/","flypst","flypst","もう一度、飛び越えていきたいですか？"
"IDX_FUN.txt","FUN","fun","en/","frget","frget","何か忘れていませんか？"
"IDX_FUN.txt","FUN","fun","en/","frget2","frget2","何かを忘れていると思います"
"IDX_FUN.txt","FUN","fun","en/","game","game","ゲームをしたいです"
"IDX_FUN.txt","FUN","fun","en/","ggl","ggl","ひゃっは～～"
"IDX_FUN.txt","FUN","fun","en/","gglno","gglno","ひゃっは～～、ありえない！"
"IDX_FUN.txt","FUN","fun","en/","gglyes","gglyes","ひゃっは～～、イエス、たかす！"
"IDX_FUN.txt","FUN","fun","en/","getreal","gtreal","リアルに近づいています"
"IDX_FUN.txt","FUN","fun","en/","hello","hello","おまえ、ワイにちゃんと挨拶したか？"
"IDX_FUN.txt","FUN","fun","en/","hotter","hotter","あつあつです"
"IDX_FUN.txt","FUN","fun","en/","havland","landed","ちゃんと着陸しましたか？"
"IDX_FUN.txt","FUN","fun","en/","liketht","like","ああ！それ好き。もう一度やって！"
"IDX_FUN.txt","FUN","fun","en/","meantto","meant","それをするつもりだったのよ"
"IDX_FUN.txt","FUN","fun","en/","naughty","naugty","私はいたずら好きな女の子っ"
"IDX_FUN.txt","FUN","fun","en/","nocando","ncando","もう一度、やり直せないと思うの"
"IDX_FUN.txt","FUN","fun","en/","ngtvghst","nghstr","ネガティブゴーストライダー、パターンがいっぱいです"
"IDX_FUN.txt","FUN","fun","en/","noconn","noconn","接続を失ったようです"
"IDX_FUN.txt","FUN","fun","en/","nohear","nohear","聞いていないふりをするでしょう"
"IDX_FUN.txt","FUN","fun","en/","notalk","notalk","話かけないで、私は忙しいんです"
"IDX_FUN.txt","FUN","fun","en/","notsuk","notsuk","ちょっと！チュパチュパしないでよ！"
"IDX_FUN.txt","FUN","fun","en/","nottht1","nottht","それじゃない！"
"IDX_FUN.txt","FUN","fun","en/","nxttmhr","nxthi","次回はもうちょっと高く"
"IDX_FUN.txt","FUN","fun","en/","nxtmlwr","nxtlw","次回はもうちょっと低く"
"IDX_FUN.txt","FUN","fun","en/","ohnodnt","odidnt","Oh、No、何もしてないよ"
"IDX_FUN.txt","FUN","fun","en/","oops","oops","おっとっと"
"IDX_FUN.txt","FUN","fun","en/","pnkmky","pnkmky","このピンクなサル野郎がっ！"
"IDX_FUN.txt","FUN","fun","en/","podbay","podbay","ポッドベイのドアを開きます"
"IDX_FUN.txt","FUN","fun","en/","shitfun","shtfun","天の声、それ楽しいって！"
"IDX_FUN.txt","FUN","fun","en/","shtreal","shtrel","ちぃっ！現実を見なよ！"
"IDX_FUN.txt","FUN","fun","en/","snafu","snafu","状態は正常、イカすだろ？"
"IDX_FUN.txt","FUN","fun","en/","rocksock","socks","靴下を脱ぐ準備はできたかい？"
"IDX_FUN.txt","FUN","fun","en/","syson","syson","システム、オン、飛行準備OKです"
"IDX_FUN.txt","FUN","fun","en/","tlrtract","tailac","テールローター、有効"
"IDX_FUN.txt","FUN","fun","en/","tlrtroff","tailof","テールローター、オフ"
"IDX_FUN.txt","FUN","fun","en/","thnks","thnks","どうもありがとうございます"
"IDX_FUN.txt","FUN","fun","en/","thtsw","thtsw","ああっ、正しいスイッチでした"
"IDX_FUN.txt","FUN","fun","en/","turnon","turnon","貴方が電源オンする度、私は愛されていると感じるわ"
"IDX_FUN.txt","FUN","fun","en/","usrerr","usrerr","ユーザーエラーです。ユーザーを交換して再度お試し下さい"
"IDX_FUN.txt","FUN","fun","en/","wasmnt","wasmnt","何か、意味があるの？"
"IDX_FUN.txt","FUN","fun","en/","wellsht","wllsht","ぐぬぬっ。Shit！"
"IDX_FUN.txt","FUN","fun","en/","yreffd","yreffd","最悪だわ"
"IDX_FUN.txt","FUN","fun","en/","yrwelcm","yrwlcm","どういたしまして"
"IDX_GENR.txt","GENERAL","general","en/","actv","actv","有効"
"IDX_GENR.txt","GENERAL","general","en/","actvd","actvd","アクティベートしました"
"IDX_GENR.txt","GENERAL","general","en/","bad","bad","悪い"
"IDX_GENR.txt","GENERAL","general","en/","dactvd","dactvd","失効しました"
"IDX_GENR.txt","GENERAL","general","en/","danger","danger","危険です！"
"IDX_GENR.txt","GENERAL","general","en/","good","good","グッド"
"IDX_GENR.txt","GENERAL","general","en/","neg","neg","ネガティブ"
"IDX_GENR.txt","GENERAL","general","en/","off","off","オフ"
"IDX_GENR.txt","GENERAL","general","en/","on","on","オン"
"IDX_GENR.txt","GENERAL","general","en/","pos","pos","ポジティブ"
"IDX_GENR.txt","GENERAL","general","en/","reset","reset","リセット"
"IDX_GENR.txt","GENERAL","general","en/","timroff","timoff","タイマー、オフ"
"IDX_GENR.txt","GENERAL","general","en/","timron","timon","タイマー、オン"
"IDX_GENR.txt","GENERAL","general","en/","timrone","timr1","タイマー設定 1"
"IDX_GENR.txt","GENERAL","general","en/","timrtwo","timr2","タイマー設定 2"
"en-US-taranis.csv","OPENTX","otx","en/",,"fm-1","飛行モード 1"
"en-US-taranis.csv","OPENTX","otx","en/",,"fm-2","飛行モード 2"
"en-US-taranis.csv","OPENTX","otx","en/",,"fm-3","飛行モード 3"
"en-US-taranis.csv","OPENTX","otx","en/",,"fm-4","飛行モード 4"
"en-US-taranis.csv","OPENTX","otx","en/",,"fm-5","飛行モード 5"
"en-US-taranis.csv","OPENTX","otx","en/",,"fm-6","飛行モード 6"
"en-US-taranis.csv","OPENTX","otx","en/",,"fm-7","飛行モード 7"
"en-US-taranis.csv","OPENTX","otx","en/",,"fm-8","飛行モード 8"
"en-US-taranis.csv","OPENTX SYSTEM","system","en/system/",,"0000","0"
"en-US-taranis.csv","OPENTX SYSTEM","system","en/system/",,"0001","1"
"en-US-taranis.csv","OPENTX SYSTEM","system","en/system/",,"0002","2"
"en-US-taranis.csv","OPENTX SYSTEM","system","en/system/",,"0003","3"
"en-US-taranis.csv","OPENTX SYSTEM","system","en/system/",,"0004","4"
"en-US-taranis.csv","OPENTX SYSTEM","system","en/system/",,"0005","5"
"en-US-taranis.csv","OPENTX SYSTEM","system","en/system/",,"0006","6"
"en-US-taranis.csv","OPENTX SYSTEM","system","en/system/",,"0007","7"
"en-US-taranis.csv","OPENTX SYSTEM","system","en/system/",,"0008","8"
"en-US-taranis.csv","OPENTX SYSTEM","system","en/system/",,"0009","9"
"en-US-taranis.csv","OPENTX SYSTEM","system","en/system/",,"0010","10"
"en-US-taranis.csv","OPENTX SYSTEM","system","en/system/",,"0011","11"
"en-US-taranis.csv","OPENTX SYSTEM","system","en/system/",,"0012","12"
"en-US-taranis.csv","OPENTX SYSTEM","system","en/system/",,"0013","13"
"en-US-taranis.csv","OPENTX SYSTEM","system","en/system/",,"0014","14"
"en-US-taranis.csv","OPENTX SYSTEM","system","en/system/",,"0015","15"
"en-US-taranis.csv","OPENTX SYSTEM","system","en/system/",,"0016","16"
"en-US-taranis.csv","OPENTX SYSTEM","system","en/system/",,"0017","17"
"en-US-taranis.csv","OPENTX SYSTEM","system","en/system/",,"0018","18"
"en-US-taranis.csv","OPENTX SYSTEM","system","en/system/",,"0019","19"
"en-US-taranis.csv","OPENTX SYSTEM","system","en/system/",,"0020","20"
"en-US-taranis.csv","OPENTX SYSTEM","system","en/system/",,"0021","21"
"en-US-taranis.csv","OPENTX SYSTEM","system","en/system/",,"0022","22"
"en-US-taranis.csv","OPENTX SYSTEM","system","en/system/",,"0023","23"
"en-US-taranis.csv","OPENTX SYSTEM","system","en/system/",,"0024","24"
"en-US-taranis.csv","OPENTX SYSTEM","system","en/system/",,"0025","25"
"en-US-taranis.csv","OPENTX SYSTEM","system","en/system/",,"0026","26"
"en-US-taranis.csv","OPENTX SYSTEM","system","en/system/",,"0027","27"
"en-US-taranis.csv","OPENTX SYSTEM","system","en/system/",,"0028","28"
"en-US-taranis.csv","OPENTX SYSTEM","system","en/system/",,"0029","29"
"en-US-taranis.csv","OPENTX SYSTEM","system","en/system/",,"0030","30"
"en-US-taranis.csv","OPENTX SYSTEM","system","en/system/",,"0031","31"
"en-US-taranis.csv","OPENTX SYSTEM","system","en/system/",,"0032","32"
"en-US-taranis.csv","OPENTX SYSTEM","system","en/system/",,"0033","33"
"en-US-taranis.csv","OPENTX SYSTEM","system","en/system/",,"0034","34"
"en-US-taranis.csv","OPENTX SYSTEM","system","en/system/",,"0035","35"
"en-US-taranis.csv","OPENTX SYSTEM","system","en/system/",,"0036","36"
"en-US-taranis.csv","OPENTX SYSTEM","system","en/system/",,"0037","37"
"en-US-taranis.csv","OPENTX SYSTEM","system","en/system/",,"0038","38"
"en-US-taranis.csv","OPENTX SYSTEM","system","en/system/",,"0039","39"
"en-US-taranis.csv","OPENTX SYSTEM","system","en/system/",,"0040","40"
"en-US-taranis.csv","OPENTX SYSTEM","system","en/system/",,"0041","41"
"en-US-taranis.csv","OPENTX SYSTEM","system","en/system/",,"0042","42"
"en-US-taranis.csv","OPENTX SYSTEM","system","en/system/",,"0043","43"
"en-US-taranis.csv","OPENTX SYSTEM","system","en/system/",,"0044","44"
"en-US-taranis.csv","OPENTX SYSTEM","system","en/system/",,"0045","45"
"en-US-taranis.csv","OPENTX SYSTEM","system","en/system/",,"0046","46"
"en-US-taranis.csv","OPENTX SYSTEM","system","en/system/",,"0047","47"
"en-US-taranis.csv","OPENTX SYSTEM","system","en/system/",,"0048","48"
"en-US-taranis.csv","OPENTX SYSTEM","system","en/system/",,"0049","49"
"en-US-taranis.csv","OPENTX SYSTEM","system","en/system/",,"0050","50"
"en-US-taranis.csv","OPENTX SYSTEM","system","en/system/",,"0051","51"
"en-US-taranis.csv","OPENTX SYSTEM","system","en/system/",,"0052","52"
"en-US-taranis.csv","OPENTX SYSTEM","system","en/system/",,"0053","53"
"en-US-taranis.csv","OPENTX SYSTEM","system","en/system/",,"0054","54"
"en-US-taranis.csv","OPENTX SYSTEM","system","en/system/",,"0055","55"
"en-US-taranis.csv","OPENTX SYSTEM","system","en/system/",,"0056","56"
"en-US-taranis.csv","OPENTX SYSTEM","system","en/system/",,"0057","57"
"en-US-taranis.csv","OPENTX SYSTEM","system","en/system/",,"0058","58"
"en-US-taranis.csv","OPENTX SYSTEM","system","en/system/",,"0059","59"
"en-US-taranis.csv","OPENTX SYSTEM","system","en/system/",,"0060","60"
"en-US-taranis.csv","OPENTX SYSTEM","system","en/system/",,"0061","61"
"en-US-taranis.csv","OPENTX SYSTEM","system","en/system/",,"0062","62"
"en-US-taranis.csv","OPENTX SYSTEM","system","en/system/",,"0063","63"
"en-US-taranis.csv","OPENTX SYSTEM","system","en/system/",,"0064","64"
"en-US-taranis.csv","OPENTX SYSTEM","system","en/system/",,"0065","65"
"en-US-taranis.csv","OPENTX SYSTEM","system","en/system/",,"0066","66"
"en-US-taranis.csv","OPENTX SYSTEM","system","en/system/",,"0067","67"
"en-US-taranis.csv","OPENTX SYSTEM","system","en/system/",,"0068","68"
"en-US-taranis.csv","OPENTX SYSTEM","system","en/system/",,"0069","69"
"en-US-taranis.csv","OPENTX SYSTEM","system","en/system/",,"0070","70"
"en-US-taranis.csv","OPENTX SYSTEM","system","en/system/",,"0071","71"
"en-US-taranis.csv","OPENTX SYSTEM","system","en/system/",,"0072","72"
"en-US-taranis.csv","OPENTX SYSTEM","system","en/system/",,"0073","73"
"en-US-taranis.csv","OPENTX SYSTEM","system","en/system/",,"0074","74"
"en-US-taranis.csv","OPENTX SYSTEM","system","en/system/",,"0075","75"
"en-US-taranis.csv","OPENTX SYSTEM","system","en/system/",,"0076","76"
"en-US-taranis.csv","OPENTX SYSTEM","system","en/system/",,"0077","77"
"en-US-taranis.csv","OPENTX SYSTEM","system","en/system/",,"0078","78"
"en-US-taranis.csv","OPENTX SYSTEM","system","en/system/",,"0079","79"
"en-US-taranis.csv","OPENTX SYSTEM","system","en/system/",,"0080","80"
"en-US-taranis.csv","OPENTX SYSTEM","system","en/system/",,"0081","81"
"en-US-taranis.csv","OPENTX SYSTEM","system","en/system/",,"0082","82"
"en-US-taranis.csv","OPENTX SYSTEM","system","en/system/",,"0083","83"
"en-US-taranis.csv","OPENTX SYSTEM","system","en/system/",,"0084","84"
"en-US-taranis.csv","OPENTX SYSTEM","system","en/system/",,"0085","85"
"en-US-taranis.csv","OPENTX SYSTEM","system","en/system/",,"0086","86"
"en-US-taranis.csv","OPENTX SYSTEM","system","en/system/",,"0087","87"
"en-US-taranis.csv","OPENTX SYSTEM","system","en/system/",,"0088","88"
"en-US-taranis.csv","OPENTX SYSTEM","system","en/system/",,"0089","89"
"en-US-taranis.csv","OPENTX SYSTEM","system","en/system/",,"0090","90"
"en-US-taranis.csv","OPENTX SYSTEM","system","en/system/",,"0091","91"
"en-US-taranis.csv","OPENTX SYSTEM","system","en/system/",,"0092","92"
"en-US-taranis.csv","OPENTX SYSTEM","system","en/system/",,"0093","93"
"en-US-taranis.csv","OPENTX SYSTEM","system","en/system/",,"0094","94"
"en-US-taranis.csv","OPENTX SYSTEM","system","en/system/",,"0095","95"
"en-US-taranis.csv","OPENTX SYSTEM","system","en/system/",,"0096","96"
"en-US-taranis.csv","OPENTX SYSTEM","system","en/system/",,"0097","97"
"en-US-taranis.csv","OPENTX SYSTEM","system","en/system/",,"0098","98"
"en-US-taranis.csv","OPENTX SYSTEM","system","en/system/",,"0099","99"
"en-US-taranis.csv","OPENTX SYSTEM","system","en/system/",,"0100","100"
"en-US-taranis.csv","OPENTX SYSTEM","system","en/system/",,"0101","200"
"en-US-taranis.csv","OPENTX SYSTEM","system","en/system/",,"0102","300"
"en-US-taranis.csv","OPENTX SYSTEM","system","en/system/",,"0103","400"
"en-US-taranis.csv","OPENTX SYSTEM","system","en/system/",,"0104","500"
"en-US-taranis.csv","OPENTX SYSTEM","system","en/system/",,"0105","600"
"en-US-taranis.csv","OPENTX SYSTEM","system","en/system/",,"0106","700"
"en-US-taranis.csv","OPENTX SYSTEM","system","en/system/",,"0107","800"
"en-US-taranis.csv","OPENTX SYSTEM","system","en/system/",,"0108","900"
"en-US-taranis.csv","OPENTX SYSTEM","system","en/system/",,"0109","1000"
"en-US-taranis.csv","OPENTX SYSTEM","system","en/system/",,"0110","アンド"
"en-US-taranis.csv","OPENTX SYSTEM","system","en/system/",,"0111","マイナス"
"en-US-taranis.csv","OPENTX SYSTEM","system","en/system/",,"0112","ポイント"
"en-US-taranis.csv","OPENTX SYSTEM","system","en/system/",,"0167","ポイント 0"
"en-US-taranis.csv","OPENTX SYSTEM","system","en/system/",,"0168","ポイント 1"
"en-US-taranis.csv","OPENTX SYSTEM","system","en/system/",,"0169","ポイント 2"
"en-US-taranis.csv","OPENTX SYSTEM","system","en/system/",,"0170","ポイント 3"
"en-US-taranis.csv","OPENTX SYSTEM","system","en/system/",,"0171","ポイント 4"
"en-US-taranis.csv","OPENTX SYSTEM","system","en/system/",,"0172","ポイント 5"
"en-US-taranis.csv","OPENTX SYSTEM","system","en/system/",,"0173","ポイント 6"
"en-US-taranis.csv","OPENTX SYSTEM","system","en/system/",,"0174","ポイント 7"
"en-US-taranis.csv","OPENTX SYSTEM","system","en/system/",,"0175","ポイント 8"
"en-US-taranis.csv","OPENTX SYSTEM","system","en/system/",,"0176","ポイント 9"
"en-US-taranis.csv","OPENTX SYSTEM","system","en/system/",,"amp0","アンプ"
"en-US-taranis.csv","OPENTX SYSTEM","system","en/system/",,"amp1","アンプ"
"en-US-taranis.csv","OPENTX SYSTEM","system","en/system/",,"celsius0","摂氏温度"
"en-US-taranis.csv","OPENTX SYSTEM","system","en/system/",,"celsius1","摂氏温度"
"en-US-taranis.csv","OPENTX SYSTEM","system","en/system/",,"db0","デシベル"
"en-US-taranis.csv","OPENTX SYSTEM","system","en/system/",,"db1","デシベル"
"en-US-taranis.csv","OPENTX SYSTEM","system","en/system/",,"degree0","角度"
"en-US-taranis.csv","OPENTX SYSTEM","system","en/system/",,"degree1","角度"
"en-US-taranis.csv","OPENTX SYSTEM","system","en/system/",,"eebad","不調なEEPROMです"
"en-US-taranis.csv","OPENTX SYSTEM","system","en/system/",,"fahr0","華氏温度"
"en-US-taranis.csv","OPENTX SYSTEM","system","en/system/",,"fahr1","華氏温度"
"en-US-taranis.csv","OPENTX SYSTEM","system","en/system/",,"foot0","フィート"
"en-US-taranis.csv","OPENTX SYSTEM","system","en/system/",,"foot1","フィート"
"en-US-taranis.csv","OPENTX SYSTEM","system","en/system/",,"founce0","オンス"
"en-US-taranis.csv","OPENTX SYSTEM","system","en/system/",,"founce1","オンス"
"en-US-taranis.csv","OPENTX SYSTEM","system","en/system/",,"fps0","フィート、パーセコンド"
"en-US-taranis.csv","OPENTX SYSTEM","system","en/system/",,"fps1","フィート、パーセコンド"
"en-US-taranis.csv","OPENTX SYSTEM","system","en/system/",,"g0","ジー"
"en-US-taranis.csv","OPENTX SYSTEM","system","en/system/",,"g1","ジー"
"en-US-taranis.csv","OPENTX SYSTEM","system","en/system/",,"hello","OpenTXへようこそ！"
"en-US-taranis.csv","OPENTX SYSTEM","system","en/system/",,"hour0","時"
"en-US-taranis.csv","OPENTX SYSTEM","system","en/system/",,"hour1","時"
"en-US-taranis.csv","OPENTX SYSTEM","system","en/system/",,"inactiv","無効時アラーム"
"en-US-taranis.csv","OPENTX SYSTEM","system","en/system/",,"knot0","ノット"
"en-US-taranis.csv","OPENTX SYSTEM","system","en/system/",,"knot1","ノット"
"en-US-taranis.csv","OPENTX SYSTEM","system","en/system/",,"kph0","キロ、パーアワー"
"en-US-taranis.csv","OPENTX SYSTEM","system","en/system/",,"kph1","キロ、パーアワー"
"en-US-taranis.csv","OPENTX SYSTEM","system","en/system/",,"lowbatt","送信機側のバッテリーが低下しています"
"en-US-taranis.csv","OPENTX SYSTEM","system","en/system/",,"mamp0","ミリアンペア"
"en-US-taranis.csv","OPENTX SYSTEM","system","en/system/",,"mamp1","ミリアンペア"
"en-US-taranis.csv","OPENTX SYSTEM","system","en/system/",,"mamph0","ミリアンペア アワー"
"en-US-taranis.csv","OPENTX SYSTEM","system","en/system/",,"mamph1","ミリアンペア アワー"
"en-US-taranis.csv","OPENTX SYSTEM","system","en/system/",,"maxtrim","トリム 最大"
"en-US-taranis.csv","OPENTX SYSTEM","system","en/system/",,"meter0","メートル"
"en-US-taranis.csv","OPENTX SYSTEM","system","en/system/",,"meter1","メートル"
"en-US-taranis.csv","OPENTX SYSTEM","system","en/system/",,"midtrim","トリム センター"
"en-US-taranis.csv","OPENTX SYSTEM","system","en/system/",,"mintrim","トリム 最小"
"en-US-taranis.csv","OPENTX SYSTEM","system","en/system/",,"minute0","分"
"en-US-taranis.csv","OPENTX SYSTEM","system","en/system/",,"minute1","分"
"en-US-taranis.csv","OPENTX SYSTEM","system","en/system/",,"ml0","ミリリットル"
"en-US-taranis.csv","OPENTX SYSTEM","system","en/system/",,"ml1","ミリリットル"
"en-US-taranis.csv","OPENTX SYSTEM","system","en/system/",,"modelpwr","受信機が接続されたままです"
"en-US-taranis.csv","OPENTX SYSTEM","system","en/system/",,"mph0","マイル パーアワー"
"en-US-taranis.csv","OPENTX SYSTEM","system","en/system/",,"mph1","マイル パーアワー"
"en-US-taranis.csv","OPENTX SYSTEM","system","en/system/",,"mps0","メートル パーセコンド"
"en-US-taranis.csv","OPENTX SYSTEM","system","en/system/",,"mps1","メートル パーセコンド"
"en-US-taranis.csv","OPENTX SYSTEM","system","en/system/",,"mwatt0","ミリワット"
"en-US-taranis.csv","OPENTX SYSTEM","system","en/system/",,"mwatt1","ミリワット"
"en-US-taranis.csv","OPENTX SYSTEM","system","en/system/",,"percent0","パーセント"
"en-US-taranis.csv","OPENTX SYSTEM","system","en/system/",,"percent1","パーセント"
"en-US-taranis.csv","OPENTX SYSTEM","system","en/system/",,"rad0","ラジアン"
"en-US-taranis.csv","OPENTX SYSTEM","system","en/system/",,"rad1","ラジアン"
"en-US-taranis.csv","OPENTX SYSTEM","system","en/system/",,"rpm0","R P M"
"en-US-taranis.csv","OPENTX SYSTEM","system","en/system/",,"rpm1","R P M"
"en-US-taranis.csv","OPENTX SYSTEM","system","en/system/",,"rssi_org","RSSI、低下"
"en-US-taranis.csv","OPENTX SYSTEM","system","en/system/",,"rssi_red","RSSI信号、切れます"
"en-US-taranis.csv","OPENTX SYSTEM","system","en/system/",,"rxko","電力オーバーロード"
"en-US-taranis.csv","OPENTX SYSTEM","system","en/system/",,"second0","秒"
"en-US-taranis.csv","OPENTX SYSTEM","system","en/system/",,"second1","秒"
"en-US-taranis.csv","OPENTX SYSTEM","system","en/system/",,"sensorko","センサー ロスト"
"en-US-taranis.csv","OPENTX SYSTEM","system","en/system/",,"servoko","サーボ オーバーロード"
"en-US-taranis.csv","OPENTX SYSTEM","system","en/system/",,"swalert","スイッチ警告"
"en-US-taranis.csv","OPENTX SYSTEM","system","en/system/",,"swr_red","無線アンテナが不良です"
"en-US-taranis.csv","OPENTX SYSTEM","system","en/system/",,"telemko","テレメトリー ロスト"
"en-US-taranis.csv","OPENTX SYSTEM","system","en/system/",,"telemok","テレメトリー 回復"
"en-US-taranis.csv","OPENTX SYSTEM","system","en/system/",,"thralert","スロットル警告"
"en-US-taranis.csv","OPENTX SYSTEM","system","en/system/",,"timovr1","タイマー1、時間経過"
"en-US-taranis.csv","OPENTX SYSTEM","system","en/system/",,"timovr2","タイマー2、時間経過"
"en-US-taranis.csv","OPENTX SYSTEM","system","en/system/",,"timovr3","タイマー3、時間経過"
"en-US-taranis.csv","OPENTX SYSTEM","system","en/system/",,"trainko","トレーナー信号、ロスト"
"en-US-taranis.csv","OPENTX SYSTEM","system","en/system/",,"trainok","トレーナー信号、回復"
"en-US-taranis.csv","OPENTX SYSTEM","system","en/system/",,"volt0","ボルト"
"en-US-taranis.csv","OPENTX SYSTEM","system","en/system/",,"volt1","ボルト"
"en-US-taranis.csv","OPENTX SYSTEM","system","en/system/",,"watt0","ワット"
"en-US-taranis.csv","OPENTX SYSTEM","system","en/system/",,"watt1","ワット"
"IDX_TELM.txt","SYSTEM TELEMETRY","telemetry","en/","battcns","batcns","バッテリー減少"
"IDX_EQIP.txt","EQUIP","telemetry","en/","batcrit","batcrt","バッテリー、切れます"
"IDX_EQIP.txt","EQUIP","telemetry","en/","batlow","batlow","ロー バッテリー"
"IDX_TELM.txt","SYSTEM TELEMETRY","telemetry","en/","currdrw","curdrw","消費電流"
"IDX_TELM.txt","SYSTEM TELEMETRY","telemetry","en/","lwstcell","lwcell","電池容量、最低値"
"IDX_TELM.txt","SYSTEM TELEMETRY","telemetry","en/","packvlt","pckvlt","パック電圧"
"IDX_TELM.txt","SYSTEM TELEMETRY","telemetry","en/","pwrrd","pwrrd","パワーリーディング"
"IDX_MODL.txt","MODELS",,"en/","180qx","180qx","180QX"
"IDX_MODL.txt","MODELS",,"en/","200qx","200qx","200QX"
"IDX_MODL.txt","MODELS",,"en/","350qx","350qx","350QX"
"IDX_HELI.txt","HELI",,"en/","3dpact","3dpact","3Dピッチ、有効"
"IDX_HELI.txt","HELI",,"en/","3dpoff","3dpoff","3Dピッチ、オフ"
"IDX_HELI.txt","HELI",,"en/","3dpitch","3dptch","3Dピッチ"
"IDX_RATE.txt","RATES",,"en/","3drtsact","3dract","3Dレート、有効"
"IDX_RATE.txt","RATES",,"en/","3drtsoff","3droff","3Dレート、オフ"
"IDX_RATE.txt","RATES",,"en/","3drtson","3dron","3Dレート、オン"
"IDX_JETS.txt","JETS",,"en/","abrkcl","abrkcl","エアブレーキ、クローズ"
"IDX_JETS.txt","JETS",,"en/","airbkoff","abrkof","エアブレーキ、オフ"
"IDX_JETS.txt","JETS",,"en/","abrkop","abrkop","エアブレーキ、オープン"
"IDX_HELI.txt","HELI",,"en/","acrmd","acrmd","アクロモード"
"en-US-taranis.csv","OPENTX",,"en/",,"acro","アクロモード！、オン"
"IDX_FPVA.txt","FPV/AUTONOMOUS",,"en/","acro","acro1","アクロ"
"IDX_FPVA.txt","FPV/AUTONOMOUS",,"en/","acromd","acromd","アクロモード"
"IDX_AERO.txt","AERO",,"en/","aero","aero","エアロバティック"
"IDX_AERO.txt","AERO",,"en/","aero3d","aero3d","3Dエアロバティック"
"IDX_AERO.txt","AERO",,"en/","aeropr","aeropr","高精度エアロバティック"
"IDX_AERO.txt","AERO",,"en/","ail3d","ail3d","3Dエルロン"
"IDX_SURF.txt","AILERONS",,"en/","ailhgh","ailhgh","エルロン、ハイ"
"IDX_SURF.txt","AILERONS",,"en/","aillow","aillow","エルロン、ロー"
"IDX_SURF.txt","AILERONS",,"en/","ailmed","ailmed","エルロン、中央"
"IDX_SURF.txt","AILERONS",,"en/","srf_ail","ailrn","エルロン"
"IDX_SURF.txt","AILERONS",,"en/","srf_ails","ailrns","エルロン"
"IDX_JETS.txt","JETS",,"en/","airbk","airbk","エアブレーキ"
"IDX_FPVA.txt","FPV/AUTONOMOUS",,"en/","althld","althld","高度、ホールド"
"IDX_FPVA.txt","FPV/AUTONOMOUS",,"en/","angl","angl","アングル"
"IDX_FPVA.txt","FPV/AUTONOMOUS",,"en/","anglmd","anglmd","アングルモード"
"IDX_HELI.txt","HELI",,"en/","atmtcmd","atmmd","オートマチックモード"
"IDX_HELI.txt","HELI",,"en/","atmtc","atmtc","オートマチック"
"IDX_FPVA.txt","FPV/AUTONOMOUS",,"en/","attmd","attmd","アティチュードモード"
"IDX_MODE.txt","MODES",,"en/","attmd","attmd1","アティチュードモード"
"IDX_FPVA.txt","FPV/AUTONOMOUS",,"en/","auto","auto","オート"
"IDX_FPVA.txt","FPV/AUTONOMOUS",,"en/","auto","auto","オート"
"IDX_FPVA.txt","FPV/AUTONOMOUS",,"en/","automd","automd","オートモード"
"IDX_FPVA.txt","FPV/AUTONOMOUS",,"en/","autort","autort","オートローテーション"
"IDX_FPVA.txt","FPV/AUTONOMOUS",,"en/","auttn","autt","オートチューン"
"IDX_FPVA.txt","FPV/AUTONOMOUS",,"en/","auttnmd","auttmd","オートチューニングモード"
"IDX_GENR.txt","GENERAL",,"en/","bklght","bklght","バックライト、点灯"
"IDX_EQIP.txt","EQUIP",,"en/","bombawy","bmbawy","爆弾、投下"
"IDX_EQIP.txt","EQUIP",,"en/","bombrel","bmbrel","爆弾、リリース"
"IDX_JETS.txt","JETS",,"en/","brksoff","brkoff","ブレーキ、オフ"
"IDX_JETS.txt","JETS",,"en/","brkson","brkon","ブレーキ、オン"
"IDX_SOAR.txt","SOARING",,"en/","btflyoff","btfoff","バタフライ、オフ"
"IDX_SOAR.txt","SOARING",,"en/","btflyon","btfon","バタフライ、オン"
"IDX_EQIP.txt","EQUIP",,"en/","buzzact","buzza","ブザー、有効"
"IDX_EQIP.txt","EQUIP",,"en/","camcentr","camctr","カメラ、中央にします"
"IDX_EQIP.txt","EQUIP",,"en/","camfix","camfix","カメラ、固定します"
"IDX_EQIP.txt","EQUIP",,"en/","camman","camman","カメラ、手動にします"
"IDX_SOAR.txt","SOARING",,"en/","clmb","clmb","クライミング"
"IDX_FPVA.txt","FPV/AUTONOMOUS",,"en/","clmbmd","clmbmd","クライミングモード"
"IDX_MODE.txt","MODES",,"en/","clmbmd","clmbmd1","クライミングモード"
"IDX_GENR.txt","GENERAL",,"en/","cmnglnd","cmlnd","着陸態勢に入ります"
"IDX_COMP.txt","COMPONENT SOUNDS",,"en/","cpldwth","cpldwt","...合体します..."
"IDX_GENR.txt","GENERAL",,"en/","cpltoff","cptoff","副操縦モード、オフ"
"IDX_GENR.txt","GENERAL",,"en/","cplton","cpton","副操縦モード、オン"
"IDX_FPVA.txt","FPV/AUTONOMOUS",,"en/","crcl","crcl","サークル"
"IDX_FPVA.txt","FPV/AUTONOMOUS",,"en/","crclmd","crclmd","サークルモード"
"en-US-taranis.csv","OPENTX",,"en/",,"crowof","クロウ！、オフ！"
"IDX_SOAR.txt","SOARING",,"en/","crowoff","crowof","クロウモード、オフ"
"en-US-taranis.csv","OPENTX",,"en/",,"crowon","クロウ！、オン！"
"IDX_SOAR.txt","SOARING",,"en/","crowon","crowon1","クロウモード、オン"
"IDX_HELI.txt","HELI",,"en/","corslk","crslk","コースロック"
"IDX_HELI.txt","HELI",,"en/","corslkm","crslkm","コースロックモード"
"IDX_SOAR.txt","SOARING",,"en/","cruz","cruz","クルーズ"
"IDX_MODE.txt","MODES",,"en/","cruzmd","cruzmd","クルーズモード"
"IDX_SOAR.txt","SOARING",,"en/","cruzmd","cruzmd1","クルーズモード"
"IDX_GENR.txt","GENERAL",,"en/","deadstk","deadst","スティックが効きません！"
"IDX_GENR.txt","GENERAL",,"en/","deplyd","deplyd","装備完了"
"IDX_SOAR.txt","SOARING",,"en/","dlg","dlg","DLG"
"IDX_SOAR.txt","SOARING",,"en/","dlgf","dlgf","ディスカス ラウンチ グライダー"
"IDX_FPVA.txt","FPV/AUTONOMOUS",,"en/","drft","drft","ドリフト"
"IDX_FPVA.txt","FPV/AUTONOMOUS",,"en/","drftmd","drftmd","ドリフトモード"
"IDX_SOAR.txt","SOARING",,"en/","dscnd","dscnd","下向き"
"IDX_MODL.txt","MODELS",,"en/","dscvryp","dscvpr","見つけます"
"IDX_MODL.txt","MODELS",,"en/","dscvry","dscvry","発見"
"IDX_GENR.txt","GENERAL",,"en/","dseng","dseng","離脱します"
"IDX_JETS.txt","JETS",,"en/","ductf","ductf","ダクテッド ファン"
"IDX_AERO.txt","AERO",,"en/","ele3d","ele3d","3Dエレベーター"
"IDX_SURF.txt","ELEVATOR",,"en/","elehigh","elehi","エレベーター、ハイ"
"IDX_SURF.txt","ELEVATOR",,"en/","elelow","elelow","エレベーター、ロー"
"IDX_SURF.txt","ELEVATOR",,"en/","elemed","elemed","エレベーター、中央"
"IDX_SURF.txt","ELEVATOR",,"en/","srf_elv","elevtr","エレベーター"
"IDX_MODL.txt","MODELS",,"en/","emax250","emx250","E-MAX 250"
"IDX_GENR.txt","GENERAL",,"en/","eng","eng","予約します"
"IDX_GENR.txt","GENERAL",,"en/","engarm","engarm","エンジン、アーム"
"IDX_SURF.txt","THROTTLE",,"en/","engarm","engarm1","エンジン、アーム"
"IDX_SURF.txt","THROTTLE",,"en/","engdisa","engda","エンジン、ディスアーム"
"IDX_EQIP.txt","EQUIP",,"en/","engdis","engdis","エンジン、無効"
"IDX_GENR.txt","GENERAL",,"en/","engdis","engdis1","エンジン、ディスアーム"
"IDX_SURF.txt","THROTTLE",,"en/","engdis","engdis2","エンジン、無効"
"en-US-taranis.csv","OPENTX",,"en/",,"engoff","エンジン！、オフ！"
"IDX_EQIP.txt","EQUIP",,"en/","engoff","engoff1","エンジン、オフ"
"IDX_SURF.txt","THROTTLE",,"en/","engoff","engoff2","エンジン、オフ"
"IDX_EQIP.txt","EQUIP",,"en/","engon","engon","エンジン、オン"
"IDX_SURF.txt","THROTTLE",,"en/","engon","engon1","エンジン、オン"
"IDX_RATE.txt","RATES",,"en/","expooff","expoof","エクスポ、オフ"
"IDX_RATE.txt","RATES",,"en/","expoon","expoon","エクスポ、オン"
"IDX_JETS.txt","JETS",,"en/","fandf","fandf","ファースト アンド フラット"
"IDX_FPVA.txt","FPV/AUTONOMOUS",,"en/","fbwa","fbwa","ワイヤーAで飛行"
"IDX_FPVA.txt","FPV/AUTONOMOUS",,"en/","fbwb","fbwb","ワイヤーBで飛行"
"en-US-taranis.csv","OPENTX",,"en/",,"flapdn","フラップ！、ダウン！"
"IDX_SURF.txt","FLAPS",,"en/","flaps","flaps","フラップ"
"IDX_SURF.txt","FLAPS",,"en/","flaps1","flaps1","フラップ 1"
"IDX_SURF.txt","FLAPS",,"en/","flaps2","flaps2","フラップ 2"
"en-US-taranis.csv","OPENTX",,"en/",,"flapup","フラップ！、アップ！"
"IDX_SURF.txt","FLAPS",,"en/","flpail","flpail","フラップはエルロンと同期中"
"IDX_SURF.txt","FLAPS",,"en/","flapsdep","flpdep","フラップ装備完了"
"IDX_SURF.txt","FLAPS",,"en/","flapsdn","flpdn","フラップ、ダウン"
"IDX_SURF.txt","FLAPS",,"en/","flapfll","flpful","フラップ、最大"
"IDX_SURF.txt","FLAPS",,"en/","flaphlf","flphlf","フラップ、ハーフ"
"IDX_SURF.txt","FLAPS",,"en/","flpnorm","flpnor","フラップ、ノーマル"
"IDX_SURF.txt","FLAPS",,"en/","flapsup","flpup","フラップ、アップ"
"IDX_MODE.txt","MODES",,"en/","fltmode1","fltmd1","飛行モード 1"
"IDX_MODE.txt","MODES",,"en/","fltmode2","fltmd2","飛行モード 2"
"IDX_MODE.txt","MODES",,"en/","fltmode3","fltmd3","飛行モード 3"
"IDX_MODE.txt","MODES",,"en/","fltmode4","fltmd4","飛行モード 4"
"IDX_MODE.txt","MODES",,"en/","fltmode5","fltmd5","飛行モード 5"
"IDX_MODE.txt","MODES",,"en/","fltmode6","fltmd6","飛行モード 6"
"IDX_MODE.txt","MODES",,"en/","fltmode7","fltmd7","飛行モード 7"
"IDX_MODE.txt","MODES",,"en/","fltmode8","fltmd7","飛行モード 8"
"IDX_FPVA.txt","FPV/AUTONOMOUS",,"en/","flwmemd","flwmd","フォローミーモード"
"IDX_FPVA.txt","FPV/AUTONOMOUS",,"en/","flwme","flwme","フォローミー"
"en-US-taranis.csv","OPENTX",,"en/",,"fm-acr","飛行モード、アクロ"
"en-US-taranis.csv","OPENTX",,"en/",,"fm-crs","飛行モード、クルーズ"
"en-US-taranis.csv","OPENTX",,"en/",,"fm-flt","飛行モード、フロート"
"en-US-taranis.csv","OPENTX",,"en/",,"fm-fst","飛行モード、ファースト"
"en-US-taranis.csv","OPENTX",,"en/",,"fm-lch","飛行モード、ラウンチ"
"en-US-taranis.csv","OPENTX",,"en/",,"fm-lnd","飛行モード、ランド"
"en-US-taranis.csv","OPENTX",,"en/",,"fm-nrm","飛行モード、ノーマル"
"en-US-taranis.csv","OPENTX",,"en/",,"fm-png","飛行モード、ピング"
"en-US-taranis.csv","OPENTX",,"en/",,"fm-pwr","飛行モード、パワー"
"en-US-taranis.csv","OPENTX",,"en/",,"fm-rce","飛行モード、レース"
"en-US-taranis.csv","OPENTX",,"en/",,"fm-spd","飛行モード、スピード"
"en-US-taranis.csv","OPENTX",,"en/",,"fm-thl","飛行モード、左サーマル"
"en-US-taranis.csv","OPENTX",,"en/",,"fm-thm","飛行モード、サーマル"
"en-US-taranis.csv","OPENTX",,"en/",,"fm-thr","飛行モード、右サーマル"
"IDX_FPVA.txt","FPV/AUTONOMOUS",,"en/","fpv","fpv","FPV"
"IDX_FPVA.txt","FPV/AUTONOMOUS",,"en/","fpvf","fpvf","パイロットビュー"
"IDX_MODE.txt","MODES",,"en/","fsoff","fsoff","フェイルセーフ、オフ"
"IDX_MODE.txt","MODES",,"en/","fson","fson","フェイルセーフ、オン"
"IDX_GENR.txt","GENERAL",,"en/","fxdwng","fxdwng","固定翼"
"en-US-taranis.csv","OPENTX",,"en/",,"geardn","ギア！、ダウン！"
"IDX_EQIP.txt","EQUIP",,"en/","geardn","geardn1","ギア、ダウン"
"en-US-taranis.csv","OPENTX",,"en/",,"gearup","ギア！、アップ！"
"IDX_EQIP.txt","EQUIP",,"en/","gearup","gearup1","ギア、アップ"
"IDX_MODL.txt","MODELS",,"en/","gemini","gemini","ジェミニ"
"IDX_FPVA.txt","FPV/AUTONOMOUS",,"en/","gidd","gidd","ガイド"
"IDX_FPVA.txt","FPV/AUTONOMOUS",,"en/","giddmd","giddmd","ガイドモード"
"IDX_EQIP.txt","EQUIP",,"en/","gmblact","gmbact","ジンバル、有効"
"IDX_EQIP.txt","EQUIP",,"en/","gmbloff","gmboff","ジンバル、オフ"
"IDX_EQIP.txt","EQUIP",,"en/","gmblon","gmbon","ジンバル、オン"
"IDX_EQIP.txt","EQUIP",,"en/","gps","gps","GPS"
"IDX_FPVA.txt","FPV/AUTONOMOUS",,"en/","gpsmd","gpsmd","GPSモード"
"IDX_MODE.txt","MODES",,"en/","gpsmd","gpsmd1","GPSモード"
"IDX_HELI.txt","HELI",,"en/","gyrhh","gyrhh","ジャイロヘッディング、固定します"
"IDX_HELI.txt","HELI",,"en/","gyrrate","gyrtm","ジャイロレートモード"
"IDX_HELI.txt","HELI",,"en/","hedhld","hedhld","ヘッディング固定、有効"
"IDX_HELI.txt","HELI",,"en/","heli","heli","ヘリコプター"
"IDX_HELI.txt","HELI",,"en/","heli3d","heli3d","3Dヘリコプター"
"IDX_HELI.txt","HELI",,"en/","heliscl","helscl","大型ヘリコプター"
"IDX_FPVA.txt","FPV/AUTONOMOUS",,"en/","hexc","hexc","ヘキサコプター"
"IDX_RATE.txt","RATES",,"en/","hirates","hirts","ハイレート"
"IDX_HELI.txt","HELI",,"en/","homlk","homlk","ホームロック"
"IDX_HELI.txt","HELI",,"en/","homlkm","homlkm","ホームロックモード"
"IDX_FPVA.txt","FPV/AUTONOMOUS",,"en/","hrzn","hrzn","ホライゾン"
"IDX_FPVA.txt","FPV/AUTONOMOUS",,"en/","hrznmd","hrznmd","ホライゾンモード"
"IDX_HELI.txt","HELI",,"en/","hvr","hvr","ホバー"
"IDX_HELI.txt","HELI",,"en/","hvrmd","hvrmd","ホバーモード"
"IDX_MODE.txt","MODES",,"en/","hvrmd","hvrmd1","ホバーモード"
"IDX_FPVA.txt","FPV/AUTONOMOUS",,"en/","hybrdmd","hybmd","ハイブリッドモード"
"IDX_FPVA.txt","FPV/AUTONOMOUS",,"en/","hybrd","hybrd","ハイブリッド"
"IDX_SURF.txt","THROTTLE",,"en/","idldwn","idldwn","アイドル、ダウン"
"IDX_SURF.txt","THROTTLE",,"en/","idlup","idlup","アイドル、アップ"
"IDX_SURF.txt","THROTTLE",,"en/","idlup1","idlup1","アイドルアップ 1"
"IDX_SURF.txt","THROTTLE",,"en/","idlup2","idlup2","アイドルアップ 2"
"IDX_SURF.txt","THROTTLE",,"en/","ignact","ignact","イグニッション、有効"
"IDX_SURF.txt","THROTTLE",,"en/","ignoff","ignoff","イグニッション、オフ"
"IDX_SURF.txt","THROTTLE",,"en/","ignon","ignon","イグニッション、オン"
"IDX_MODL.txt","MODELS",,"en/","inspire","inspir","インスパイア ワン"
"IDX_JETS.txt","JETS",,"en/","jett","jett","ジェットタービン"
"IDX_SOAR.txt","SOARING",,"en/","lnch","lnch","起動"
"IDX_MODE.txt","MODES",,"en/","lnchmd","lnchmd","起動モード"
"IDX_SOAR.txt","SOARING",,"en/","lnchmd","lnchmd1","起動モード"
"IDX_MODE.txt","MODES",,"en/","lndgmd","lndgmd","着陸モード"
"IDX_SOAR.txt","SOARING",,"en/","lndgmd","lndgmd1","着陸モード"
"en-US-taranis.csv","OPENTX",,"en/",,"lnding","着陸モード！、オン"
"IDX_GENR.txt","GENERAL",,"en/","timlnd","lndti","着陸時間です"
"IDX_GENR.txt","GENERAL",,"en/","timlnd2","lndti2","着陸を急いでください！"
"en-US-taranis.csv","OPENTX",,"en/",,"lowbat","ロー、バッテリー！"
"IDX_RATE.txt","RATES",,"en/","lowrates","lowrts","ロー、レート"
"IDX_SOAR.txt","SOARING",,"en/","loitr","ltr","低音"
"IDX_MODE.txt","MODES",,"en/","loitrmd","ltrmd","低音モード"
"IDX_SOAR.txt","SOARING",,"en/","loitrmd","ltrmd1","低音モード"
"IDX_FPVA.txt","FPV/AUTONOMOUS",,"en/","manl","manl","マニュアル"
"IDX_FPVA.txt","FPV/AUTONOMOUS",,"en/","manlmd","manlmd","マニュアルモード"
"IDX_MODE.txt","MODES",,"en/","mdact","mdact","モード、有効です"
"IDX_MODE.txt","MODES",,"en/","mdoff","mdoff","モード、オフ"
"IDX_MODE.txt","MODES",,"en/","mdon","mdon","モード、オン"
"IDX_EQIP.txt","EQUIP",,"en/","mgmtrof","mgoff","コンパス、オフ"
"IDX_EQIP.txt","EQUIP",,"en/","mgmtron","mgon","コンパス、オン"
"IDX_EQIP.txt","EQUIP",,"en/","mgohmof","mgooff","コンパスメーター、オフ"
"IDX_EQIP.txt","EQUIP",,"en/","mgohmon","mgoon","コンパスメーター、オン"
"IDX_RATE.txt","RATES",,"en/","midrates","midrts","ミッドレート"
"IDX_COMP.txt","COMPONENT SOUNDS",,"en/","mix","mix","...ミックス"
"IDX_FPVA.txt","FPV/AUTONOMOUS",,"en/","mltrtr","mltrtr","マルチローター"
"IDX_MODE.txt","MODES",,"en/","mode","mode","モード"
"IDX_MODE.txt","MODES",,"en/","mode0","mode0","モード 0"
"IDX_MODE.txt","MODES",,"en/","mode1","mode1","モード 1"
"IDX_MODE.txt","MODES",,"en/","mode2","mode2","モード 2"
"IDX_MODE.txt","MODES",,"en/","mode3","mode3","モード 3"
"IDX_MODE.txt","MODES",,"en/","mode4","mode4","モード 4"
"IDX_MODE.txt","MODES",,"en/","mode5","mode5","モード 5"
"IDX_MODE.txt","MODES",,"en/","mode6","mode6","モード 6"
"IDX_MODE.txt","MODES",,"en/","mode7","mode7","モード 7"
"IDX_MODE.txt","MODES",,"en/","mode8","mode8","モード 8"
"IDX_GENR.txt","GENERAL",,"en/","extmodl","modext","外部モジュール"
"IDX_GENR.txt","GENERAL",,"en/","intmodl","modint","内部モジュール"
"IDX_GENR.txt","GENERAL",,"en/","mtrarm","mtrarm","モーター、アーム"
"IDX_GENR.txt","GENERAL",,"en/","mtrdarm","mtrdis","モーター、ディスアーム"
"IDX_GENR.txt","GENERAL",,"en/","mtrsarm","mtsarm","モーター、アーム"
"IDX_GENR.txt","GENERAL",,"en/","mtrsdarm","mtsdis","モーター、ディスアーム"
"IDX_COMP.txt","COMPONENT SOUNDS",,"en/","mxdwth","mxdwth","...ミックス..."
"IDX_MODL.txt","MODELS",,"en/","nanoqx","nanqx","ナノQX"
"IDX_MODL.txt","MODELS",,"en/","nanoqxf","nanqxf","ナノQX FPV"
"en-US-taranis.csv","OPENTX",,"en/",,"nrmmod","ノーマルモード！、オン！"
"IDX_MODE.txt","MODES",,"en/","nrmmod","nrmmod1","ノーマルモード"
"IDX_MODL.txt","MODELS",,"en/","nucls","nucls","中枢"
"IDX_FPVA.txt","FPV/AUTONOMOUS",,"en/","octc","octc","オクトコプター"
"IDX_GENR.txt","GENERAL",,"en/","off","off","オフ"
"IDX_GENR.txt","GENERAL",,"en/","on","on","オン"
"IDX_GENR.txt","GENERAL",,"en/","opentx","opentx","OpenTX"
"IDX_EQIP.txt","EQUIP",,"en/","pchtdep","pchdep","パラシュート展開"
"IDX_MODL.txt","MODELS",,"en/","phant","phant","ファントム"
"IDX_MODL.txt","MODELS",,"en/","phant2","phant2","ファントム 2"
"IDX_MODL.txt","MODELS",,"en/","phant3","phant3","ファントム 3"
"IDX_FPVA.txt","FPV/AUTONOMOUS",,"en/","poshld","poshld","ポジションホールド"
"IDX_SOAR.txt","SOARING",,"en/","pwrgld","pwrgld","パワーグライダー"
"IDX_GENR.txt","GENERAL",,"en/","pylnrc","pylnrc","パイロンレーシング"
"IDX_MODL.txt","MODELS",,"en/","qav250","qav250","Q-A-V 250"
"IDX_FPVA.txt","FPV/AUTONOMOUS",,"en/","quadc","quadc","クワッドコプター"
"IDX_GENR.txt","GENERAL",,"en/","race","race","レース"
"IDX_GENR.txt","GENERAL",,"en/","racemd","racemd","レースモード"
"IDX_GENR.txt","GENERAL",,"en/","racing","racing","レーシング"
"IDX_FPVA.txt","FPV/AUTONOMOUS",,"en/","rate","rate","レート"
"IDX_FPVA.txt","FPV/AUTONOMOUS",,"en/","ratemd2","ratemd","レートモード"
"IDX_HELI.txt","HELI",,"en/","ratemd","ratemd1","レートモード、有効"
"IDX_SOAR.txt","SOARING",,"en/","reflex","reflex","反射的"
"IDX_MODE.txt","MODES",,"en/","rthome","rthome","リターン トゥー ホーム"
"IDX_MODE.txt","MODES",,"en/","rtland","rtland","リターン トゥー ランディング"
"IDX_AERO.txt","AERO",,"en/","rud3d","rud3d","3D ラダー"
"IDX_SURF.txt","RUDDER",,"en/","srf_rud","rudder","ラダー"
"IDX_SURF.txt","RUDDER",,"en/","rudhgh","rudhgh","ラダー、ハイ"
"IDX_SURF.txt","RUDDER",,"en/","rudlow","rudlow","ラダー、ロー"
"IDX_SURF.txt","RUDDER",,"en/","rudmed","rudmed","ラダー、中央"
"IDX_GENR.txt","GENERAL",,"en/","sclmod","sclmod","スケール モデル"
"IDX_HELI.txt","HELI",,"en/","sclpitch","sclptc","スケール ピッチ"
"IDX_GENR.txt","GENERAL",,"en/","seapl","seapl","水上飛行機"
"IDX_SOAR.txt","SOARING",,"en/","seek","seek","シーク"
"IDX_MODE.txt","MODES",,"en/","seekmd","seekmd","シークモード"
"IDX_SOAR.txt","SOARING",,"en/","seekmd","seekmd1","シークモード"
"en-US-taranis.csv","OPENTX",,"en/",,"sigcrt","受信シグナル！、切れます！"
"en-US-taranis.csv","OPENTX",,"en/",,"siglow","受信シグナル！、低下！"
"IDX_GENR.txt","GENERAL",,"en/","sim","sim","シミュレーター"
"IDX_GENR.txt","GENERAL",,"en/","sitnorm","sitnrm","状態、正常"
"IDX_GENR.txt","GENERAL",,"en/","situ","situ","状態"
"IDX_MODE.txt","MODES",,"en/","slflvl","sllmd","セルフレベルモード"
"IDX_MODE.txt","MODES",,"en/","slflvlm","sllmmd","セルフレベル ミキシングモード"
"IDX_FPVA.txt","FPV/AUTONOMOUS",,"en/","slflvl","slvlmd","セルフレベルモード"
"IDX_FPVA.txt","FPV/AUTONOMOUS",,"en/","slflvlm","slvlmx","セルフレベル ミキシングモード"
"IDX_EQIP.txt","EQUIP",,"en/","smokeoff","smkoff","スモーク、オフ"
"IDX_EQIP.txt","EQUIP",,"en/","smokeon","smkon","スモーク、オン"
"IDX_AERO.txt","AERO",,"en/","snapsw","snapsw","スナップロール"
"IDX_SOAR.txt","SOARING",,"en/","soring","soring","急上昇"
"IDX_SOAR.txt","SOARING",,"en/","speed","spd","スピード"
"IDX_MODE.txt","MODES",,"en/","speedmd","spdmd","スピードモード"
"IDX_SOAR.txt","SOARING",,"en/","speedmd","spdmd1","スピードモード"
"en-US-taranis.csv","OPENTX",,"en/",,"spdmod","ハイスピード モード！、有効"
"IDX_SOAR.txt","SOARING",,"en/","splrcl","splrcl","スポイラー、クローズ"
"en-US-taranis.csv","OPENTX",,"en/",,"splrdn","スポイラー！、ダウン！"
"IDX_SOAR.txt","SOARING",,"en/","splrop","splrop","スポイラー、オープン"
"en-US-taranis.csv","OPENTX",,"en/",,"splrup","スポイラー！、アップ！"
"IDX_GENR.txt","GENERAL",,"en/","sprtsfl","sport","スポーツ飛行"
"IDX_FPVA.txt","FPV/AUTONOMOUS",,"en/","sprt","sprt","スポーツ"
"IDX_FPVA.txt","FPV/AUTONOMOUS",,"en/","sprtmd","sprtmd","スポーツモード"
"IDX_FPVA.txt","FPV/AUTONOMOUS",,"en/","stblt","stb","安定"
"IDX_FPVA.txt","FPV/AUTONOMOUS",,"en/","stbl","stbl","安定"
"IDX_FPVA.txt","FPV/AUTONOMOUS",,"en/","stblz","stbl1","安定させます"
"IDX_FPVA.txt","FPV/AUTONOMOUS",,"en/","stblmd","stblmd","安定モード"
"IDX_FPVA.txt","FPV/AUTONOMOUS",,"en/","stblzmd","stblmd1","安定化モード"
"IDX_HELI.txt","HELI",,"en/","stblzmd","stblmd2","安定化モード"
"IDX_HELI.txt","HELI",,"en/","stblz","stblz","安定させます"
"IDX_FPVA.txt","FPV/AUTONOMOUS",,"en/","stbltmd","stbmd","安定モード"
"IDX_GENR.txt","GENERAL",,"en/","stbloff","stboff","安定化モード、オフ"
"IDX_GENR.txt","GENERAL",,"en/","stblon","stbon","安定化モード、オン"
"IDX_FPVA.txt","FPV/AUTONOMOUS",,"en/","stgl","stgl","不安定"
"IDX_FPVA.txt","FPV/AUTONOMOUS",,"en/","stglmd","stglmd","不安定モード"
"IDX_MODE.txt","MODES",,"en/","stntact","stnact","スタントモード、有効"
"IDX_MODE.txt","MODES",,"en/","stntoff","stnoff","スタントモード、オフ"
"IDX_MODE.txt","MODES",,"en/","stnton","stnon","スタントモード、オン"
"IDX_GENR.txt","GENERAL",,"en/","stopped","stoppd","停止します"
"IDX_GENR.txt","GENERAL",,"en/","takoff","takoff","離陸します"
"IDX_MODL.txt","MODELS",,"en/","tbs","tbs","TBS"
"IDX_MODL.txt","MODELS",,"en/","tbsdisco","tbsdsc","TBS ディスコ"
"IDX_MODE.txt","MODES",,"en/","thrmlmd","themd","サーマルモード"
"IDX_SOAR.txt","SOARING",,"en/","thrmlmd","themd1","サーマルモード"
"IDX_SOAR.txt","SOARING",,"en/","thrml","therml","サーマル"
"en-US-taranis.csv","OPENTX",,"en/",,"thmmod","サーマルモード、オン"
"IDX_SURF.txt","THROTTLE",,"en/","thract","thract","スロットル、有効"
"IDX_SURF.txt","THROTTLE",,"en/","thrcut","thrcut","スロットルカット"
"IDX_SURF.txt","THROTTLE",,"en/","thrdis","thrdis","スロットル、無効"
"IDX_SURF.txt","THROTTLE",,"en/","thrhold","thrhld","スロットルホールド"
"IDX_SURF.txt","THROTTLE",,"en/","thrlock","thrlck","スロットルロック"
"IDX_SURF.txt","THROTTLE",,"en/","srf_thr","thrott","スロットル"
"IDX_SURF.txt","THROTTLE",,"en/","thready","thrrdy","スロットル、準備完了"
"IDX_SURF.txt","THROTTLE",,"en/","thrrel","thrrel","スロットル、リリース"
"en-US-taranis.csv","OPENTX",,"en/",,"tohigh","高すぎます！"
"en-US-taranis.csv","OPENTX",,"en/",,"tolow","低すぎます！"
"IDX_GENR.txt","GENERAL",,"en/","train","train","トレーニング"
"IDX_FPVA.txt","FPV/AUTONOMOUS",,"en/","tric","tric","トライコプター"
"IDX_GENR.txt","GENERAL",,"en/","trng","trng","トレーニング"
"IDX_MODE.txt","MODES",,"en/","trngmd","trngmd","トレーニングモード"
"en-US-taranis.csv","OPENTX",,"en/",,"trnoff","トレーナー！、オフ！"
"en-US-taranis.csv","OPENTX",,"en/",,"trnon","トレーナー！、オン！"
"IDX_GENR.txt","GENERAL",,"en/","trnr","trnr","トレーナー"
"IDX_FPVA.txt","FPV/AUTONOMOUS",,"en/","uav","uav","UAV"
"IDX_GENR.txt","GENERAL",,"en/","ugly","ugly","ひどい"
"IDX_GENR.txt","GENERAL",,"en/","vintg","vintg","ビンテージ"
"en-US-taranis.csv","OPENTX",,"en/",,"vrioff","バリオ！、オフ"
"en-US-taranis.csv","OPENTX",,"en/",,"vrion","バリオ！、オン"
"IDX_GENR.txt","GENERAL",,"en/","warbrd","warbrd","ワーバード"
"IDX_FPVA.txt","FPV/AUTONOMOUS",,"en/","waypt","waypt","ウェイポイント"
"IDX_GENR.txt","GENERAL",,"en/","whtvr","whtvr","なんでも"
"IDX_MODL.txt","MODELS",,"en/","zmr250","zmr250","ZMR250"
"IDX_SOAR.txt","SOARING",,"en/","zoom","zoom","ズーム"
"IDX_MODE.txt","MODES",,"en/","zoommd","zoommd","ズームモード"
"IDX_SOAR.txt","SOARING",,"en/","zoommd","zoommd1","ズームモード"
